{"cameraMode":{"drawMode":0,"name":"Shaded","section":"Shading Mode"},"sceneLighting":true,"audioPlay":false,"sceneViewState":{"showFog":true,"showMaterialUpdate":false,"showSkybox":true,"showFlares":true,"showImageEffects":true,"showParticleSystems":true},"in2DMode":false,"pivot":{"x":199.94435119628907,"y":161.68170166015626,"z":495.56561279296877},"rotation":{"x":0.1340569257736206,"y":0.8617092967033386,"z":-0.38543564081192019,"w":0.301954984664917},"size":678.9251708984375,"orthographic":true}